name,time,Kd,Ki,Kp,value
co2_start_at_03,1695742497265290534,0,0,0.02,642.8333333333334
co2_start_at_03,1695742517819453032,0,0,0.02,642.5
co2_start_at_03,1695742538352703978,0,0,0.02,642.3333333333334
co2_start_at_03,1695742558885575204,0,0,0.02,651.1666666666666
co2_start_at_03,1695742579409164178,0,0,0.02,665
co2_start_at_03,1695742599953127459,0,0,0.02,712.6666666666666
co2_start_at_03,1695742620499101813,0,0,0.02,828.6666666666666
co2_start_at_03,1695742641041307689,0,0,0.02,870.8333333333334
co2_start_at_03,1695742661583492985,0,0,0.02,975.1666666666666
co2_start_at_03,1695742682147254660,0,0,0.02,973.8333333333334
co2_start_at_03,1695742702551074261,0,0,0.02,1027.6666666666667
co2_start_at_03,1695742723073543606,0,0,0.02,1021.8333333333334
co2_start_at_03,1695742743637881116,0,0,0.02,1019.6666666666666
co2_start_at_03,1695742764158287412,0,0,0.02,1003.8333333333334
co2_start_at_03,1695742784702986741,0,0,0.02,970.3333333333334
co2_start_at_03,1695742805225424885,0,0,0.02,932.5
co2_start_at_03,1695742825757048933,0,0,0.02,923.1666666666666
co2_start_at_03,1695742846316375291,0,0,0.02,935.6666666666666
co2_start_at_03,1695742866865910839,0,0,0.02,837
co2_start_at_03,1695742887471784337,0,0,0.02,828.8333333333334
co2_start_at_03,1695742908017413564,0,0,0.02,826.6666666666666
co2_start_at_03,1695742928567101884,0,0,0.02,824
co2_start_at_03,1695742949164310710,0,0,0.02,824.8333333333334
co2_start_at_03,1695742969711479413,0,0,0.02,827.8333333333334
co2_start_at_03,1695742990260353173,0,0,0.02,842.8333333333334
co2_start_at_03,1695743010861472716,0,0,0.02,854.6666666666666
co2_start_at_03,1695743031401668925,0,0,0.02,877.8333333333334
co2_start_at_03,1695743052000259541,0,0,0.02,884.6666666666666
co2_start_at_03,1695743072589298577,0,0,0.02,894.3333333333334
co2_start_at_03,1695743093031034353,0,0,0.02,899
co2_start_at_03,1695743113567392449,0,0,0.02,907
co2_start_at_03,1695743134119887772,0,0,0.02,907.3333333333334
co2_start_at_03,1695743154718121169,0,0,0.02,907.5
co2_start_at_03,1695743175263404310,0,0,0.02,906
co2_start_at_03,1695743195831505650,0,0,0.02,905
co2_start_at_03,1695743216420027089,0,0,0.02,897
co2_start_at_03,1695743236982909757,0,0,0.02,892.1666666666666
co2_start_at_03,1695743257571400507,0,0,0.02,890.5
co2_start_at_03,1695743278148785509,0,0,0.02,888.6666666666666
co2_start_at_03,1695743298699001759,0,0,0.02,886.1666666666666
co2_start_at_03,1695743319282098619,0,0,0.02,883.6666666666666
co2_start_at_03,1695743339839877544,0,0,0.02,882.8333333333334
co2_start_at_03,1695743360364065969,0,0,0.02,881
co2_start_at_03,1695743380948086456,0,0,0.03,880.5
co2_start_at_03,1695743401505536121,0,0,0.03,880.8333333333334
co2_start_at_03,1695743422044863989,0,0,0.03,881.3333333333334
co2_start_at_03,1695743442567753048,0,0,0.03,883.6666666666666
co2_start_at_03,1695743463104868697,0,0,0.03,889.8333333333334
co2_start_at_03,1695743483652960213,0,0,0.03,899.1666666666666
co2_start_at_03,1695743504249576900,0,0,0.03,907.1666666666666
co2_start_at_03,1695743524808292745,0,0,0.03,913
co2_start_at_03,1695743545357342310,0,0,0.03,924.5
co2_start_at_03,1695743565935338800,0,0,0.03,945
co2_start_at_03,1695743586510268951,0,0,0.03,938.5
co2_start_at_03,1695743607077985840,0,0,0.03,940.5
co2_start_at_03,1695743627650633214,0,0,0.03,941.6666666666666
co2_start_at_03,1695743648195136515,0,0,0.03,940.8333333333334
co2_start_at_03,1695743668730959078,0,0,0.03,937.5
co2_start_at_03,1695743689320605567,0,0,0.03,930.5
co2_start_at_03,1695743709858457782,0,0,0.03,924.8333333333334
co2_start_at_03,1695743730355069956,0,0,0.03,918.6666666666666
co2_start_at_03,1695743750867152789,0,0,0.03,918
co2_start_at_03,1695743771424870758,0,0,0.03,912.1666666666666
co2_start_at_03,1695743791950117450,0,0,0.03,937
co2_start_at_03,1695743812491577294,0,0,0.03,943.8333333333334
co2_start_at_03,1695743833090758222,0,0,0.03,949.5
co2_start_at_03,1695743853589098680,0,0,0.03,950.3333333333334
co2_start_at_03,1695743874126339846,0,0,0.03,952.3333333333334
co2_start_at_03,1695743894659208313,0,0,0.03,951
co2_start_at_03,1695743915193220124,0,0,0.03,951
co2_start_at_03,1695743935726376975,0,0,0.03,924.5
co2_start_at_03,1695743956248981604,0,0,0.03,916.1666666666666
co2_start_at_03,1695743976790357606,0,0,0.03,923.5
co2_start_at_03,1695743997345295065,0,0,0.03,922.6666666666666
co2_start_at_03,1695744017875726009,0,0,0.03,934.1666666666666
co2_start_at_03,1695744038414909954,0,0,0.03,932.6666666666666
co2_start_at_03,1695744058938116390,0,0,0.03,913.6666666666666
co2_start_at_03,1695744079513092640,0,0,0.03,912.6666666666666
co2_start_at_03,1695744100048299922,0,0,0.03,910.6666666666666
co2_start_at_03,1695744120599323942,0,0,0.03,908.6666666666666
co2_start_at_03,1695744141210504819,0,0,0.03,908.3333333333334
co2_start_at_03,1695744161732713003,0,0,0.03,910.3333333333334
co2_start_at_03,1695744182297270645,0,0,0.03,896.5
co2_start_at_03,1695744202878113723,0,0,0.03,913.5
co2_start_at_03,1695744223434894691,0,0,0.03,916.1666666666666
co2_start_at_03,1695744243963568650,0,0,0.03,902.5
co2_start_at_03,1695744264500136920,0,0,0.03,937.6666666666666
co2_start_at_03,1695744285069601353,0,0,0.04,926.8333333333334
co2_start_at_03,1695744305621164531,0,0,0.04,914.6666666666666
co2_start_at_03,1695744326143022765,0,0,0.04,934.1666666666666
co2_start_at_03,1695744346737371530,0,0,0.04,938.6666666666666
co2_start_at_03,1695744367282672081,0,0,0.04,941.8333333333334
co2_start_at_03,1695744387782663190,0,0,0.04,943.6666666666666
co2_start_at_03,1695744408315550109,0,0,0.04,944.3333333333334
co2_start_at_03,1695744428866252328,0,0,0.04,944.1666666666666
co2_start_at_03,1695744449408407738,0,0,0.04,944.1666666666666
co2_start_at_03,1695744469929284164,0,0,0.04,945.6666666666666
co2_start_at_03,1695744490470583703,0,0,0.04,946.1666666666666
co2_start_at_03,1695744511015235516,0,0,0.04,946.5
co2_start_at_03,1695744531606290488,0,0,0.04,946.6666666666666
co2_start_at_03,1695744552151683373,0,0,0.04,946.1666666666666
co2_start_at_03,1695744572685316086,0,0,0.04,944.5
co2_start_at_03,1695744593227818853,0,0,0.04,943.3333333333334
co2_start_at_03,1695744613768854676,0,0,0.04,943.1666666666666
co2_start_at_03,1695744634316808197,0,0,0.04,943.1666666666666
co2_start_at_03,1695744654895596541,0,0,0.04,943.1666666666666
co2_start_at_03,1695744675422793787,0,0,0.04,960.5
co2_start_at_03,1695744695975640242,0,0,0.04,943.3333333333334
co2_start_at_03,1695744716572790197,0,0,0.04,943
co2_start_at_03,1695744737107964758,0,0,0.04,942.8333333333334
co2_start_at_03,1695744757650711183,0,0,0.04,941.5
co2_start_at_03,1695744778237008842,0,0,0.04,941
co2_start_at_03,1695744798788186874,0,0,0.04,941
co2_start_at_03,1695744819359347905,0,0,0.04,943.8333333333334
co2_start_at_03,1695744839947745709,0,0,0.04,944.6666666666666
co2_start_at_03,1695744860497534822,0,0,0.04,945.1666666666666
co2_start_at_03,1695744881055325728,0,0,0.04,946
co2_start_at_03,1695744901639611850,0,0,0.04,946.3333333333334
co2_start_at_03,1695744922205224869,0,0,0.04,947.3333333333334
co2_start_at_03,1695744942727484868,0,0,0.04,932
co2_start_at_03,1695744963254886605,0,0,0.04,948.3333333333334
co2_start_at_03,1695744983838426968,0,0,0.04,949.3333333333334
co2_start_at_03,1695745004365470703,0,0,0.04,949.5
co2_start_at_03,1695745024958407650,0,0,0.04,950.6666666666666
co2_start_at_03,1695745045325025211,0,0,0.04,952
co2_start_at_03,1695745065865064683,0,0,0.04,955.3333333333334
co2_start_at_03,1695745086460445411,0,0,0.04,956.3333333333334
co2_start_at_03,1695745107015204783,0,0,0.04,957
co2_start_at_03,1695745127559089213,0,0,0.04,957.1666666666666
co2_start_at_03,1695745148133426093,0,0,0.04,957.1666666666666
co2_start_at_03,1695745168664854088,0,0,0.05,957.1666666666666
co2_start_at_03,1695745189215172183,0,0,0.05,943.8333333333334
co2_start_at_03,1695745209769216021,0,0,0.05,960
co2_start_at_03,1695745230324826296,0,0,0.05,960.5
co2_start_at_03,1695745250858389544,0,0,0.05,945.3333333333334
co2_start_at_03,1695745271429626024,0,0,0.05,962.1666666666666
co2_start_at_03,1695745291971981099,0,0,0.05,963.1666666666666
co2_start_at_03,1695745312505000342,0,0,0.05,966.6666666666666
co2_start_at_03,1695745332999781683,0,0,0.05,953.3333333333334
co2_start_at_03,1695745353595059210,0,0,0.05,987
co2_start_at_03,1695745374130179484,0,0,0.05,987.5
co2_start_at_03,1695745394709459233,0,0,0.05,990.8333333333334
co2_start_at_03,1695745415265393159,0,0,0.05,991.8333333333334
co2_start_at_03,1695745435784827689,0,0,0.05,975.5
co2_start_at_03,1695745456368292526,0,0,0.05,973
co2_start_at_03,1695745476954582951,0,0,0.05,985.5
co2_start_at_03,1695745497520998289,0,0,0.05,963.5
co2_start_at_03,1695745517987767510,0,0,0.05,959.1666666666666
co2_start_at_03,1695745538578699621,0,0,0.05,939.1666666666666
co2_start_at_03,1695745559131560765,0,0,0.05,902.1666666666666
co2_start_at_03,1695745579722622065,0,0,0.05,966.3333333333334
co2_start_at_03,1695745600265676965,0,0,0.05,950.3333333333334
co2_start_at_03,1695745620831028874,0,0,0.05,954.5
co2_start_at_03,1695745641411705206,0,0,0.05,968.6666666666666
co2_start_at_03,1695745661972679989,0,0,0.05,975.6666666666666
co2_start_at_03,1695745682506367160,0,0,0.05,987.1666666666666
co2_start_at_03,1695745703046071710,0,0,0.05,991.5
co2_start_at_03,1695745723611157923,0,0,0.05,995.6666666666666
co2_start_at_03,1695745744160231490,0,0,0.05,996
co2_start_at_03,1695745764696679197,0,0,0.05,980.8333333333334
co2_start_at_03,1695745785300388582,0,0,0.05,980.8333333333334
co2_start_at_03,1695745805835053158,0,0,0.05,1021.1666666666666
co2_start_at_03,1695745826360192137,0,0,0.05,1028.1666666666667
co2_start_at_03,1695745846937922977,0,0,0.05,945.6666666666666
co2_start_at_03,1695745867480394562,0,0,0.05,953.6666666666666
co2_start_at_03,1695745888024923509,0,0,0.05,946.8333333333334
co2_start_at_03,1695745908607467200,0,0,0.05,942
co2_start_at_03,1695745929153889878,0,0,0.05,937.3333333333334
co2_start_at_03,1695745949690831232,0,0,0.05,936.1666666666666
co2_start_at_03,1695745970218616374,0,0,0.05,937.1666666666666
co2_start_at_03,1695745990737525049,0,0,0.05,948.6666666666666
co2_start_at_03,1695746011286652380,0,0,0.05,973.5
co2_start_at_03,1695746031808484918,0,0,0.05,979.5
co2_start_at_03,1695746052369965257,0,0,0.05,983.6666666666666
co2_start_at_03,1695746072904715215,0,0,0.060000000000000005,991.6666666666666
co2_start_at_03,1695746093462408214,0,0,0.060000000000000005,993.1666666666666
co2_start_at_03,1695746114009578498,0,0,0.060000000000000005,1040.3333333333333
co2_start_at_03,1695746134545179669,0,0,0.060000000000000005,1039.3333333333333
co2_start_at_03,1695746155081124929,0,0,0.060000000000000005,1006.5
co2_start_at_03,1695746175606308800,0,0,0.060000000000000005,989.1666666666666
co2_start_at_03,1695746196125442447,0,0,0.060000000000000005,979.8333333333334
co2_start_at_03,1695746216697215779,0,0,0.060000000000000005,970.8333333333334
co2_start_at_03,1695746237048118180,0,0,0.060000000000000005,953.6666666666666
co2_start_at_03,1695746257585151581,0,0,0.060000000000000005,925.8333333333334
co2_start_at_03,1695746278121742277,0,0,0.060000000000000005,951.8333333333334
co2_start_at_03,1695746298654349245,0,0,0.060000000000000005,938.3333333333334
co2_start_at_03,1695746319196330854,0,0,0.060000000000000005,941
co2_start_at_03,1695746339710587817,0,0,0.060000000000000005,941
co2_start_at_03,1695746360200453305,0,0,0.060000000000000005,937.5
co2_start_at_03,1695746380748927462,0,0,0.060000000000000005,1003
co2_start_at_03,1695746401224206743,0,0,0.060000000000000005,1008.1666666666666
co2_start_at_03,1695746421516943286,0,0,0.060000000000000005,1054
co2_start_at_03,1695746442046557107,0,0,0.060000000000000005,1048
co2_start_at_03,1695746462570680983,0,0,0.060000000000000005,1050.5
co2_start_at_03,1695746483066235532,0,0,0.060000000000000005,1066.6666666666667
co2_start_at_03,1695746503609032851,0,0,0.060000000000000005,1066
co2_start_at_03,1695746524166140741,0,0,0.060000000000000005,1066
co2_start_at_03,1695746544690834595,0,0,0.060000000000000005,1076.1666666666667
co2_start_at_03,1695746565230100170,0,0,0.060000000000000005,1061.5
co2_start_at_03,1695746585720124709,0,0,0.060000000000000005,1043.6666666666667
co2_start_at_03,1695746606251363014,0,0,0.060000000000000005,950.5
co2_start_at_03,1695746626809383936,0,0,0.060000000000000005,944.8333333333334
co2_start_at_03,1695746647340668494,0,0,0.060000000000000005,937
co2_start_at_03,1695746667889223781,0,0,0.060000000000000005,935.5
co2_start_at_03,1695746688365857433,0,0,0.060000000000000005,934.8333333333334
co2_start_at_03,1695746708905776834,0,0,0.060000000000000005,944.5
co2_start_at_03,1695746729476258671,0,0,0.060000000000000005,936.8333333333334
co2_start_at_03,1695746750004818919,0,0,0.060000000000000005,995.1666666666666
co2_start_at_03,1695746770545801782,0,0,0.060000000000000005,1022
co2_start_at_03,1695746791124206327,0,0,0.060000000000000005,1021.3333333333334
co2_start_at_03,1695746811647946148,0,0,0.060000000000000005,1072.1666666666667
co2_start_at_03,1695746832165464189,0,0,0.060000000000000005,1065.6666666666667
co2_start_at_03,1695746852615783118,0,0,0.060000000000000005,1066
co2_start_at_03,1695746873170227432,0,0,0.060000000000000005,1065
co2_start_at_03,1695746893694848225,0,0,0.060000000000000005,1061.3333333333333
co2_start_at_03,1695746914214893082,0,0,0.060000000000000005,1050.6666666666667
co2_start_at_03,1695746934749874766,0,0,0.060000000000000005,1035.6666666666667
co2_start_at_03,1695746955281250094,0,0,0.060000000000000005,1022.6666666666666
co2_start_at_03,1695746975865450821,0,0,0.07,1009.3333333333334
co2_start_at_03,1695746996399048432,0,0,0.07,995.3333333333334
co2_start_at_03,1695747016986643060,0,0,0.07,987.5
co2_start_at_03,1695747037565490827,0,0,0.07,979.8333333333334
co2_start_at_03,1695747058114814969,0,0,0.07,973
co2_start_at_03,1695747078604308050,0,0,0.07,969.6666666666666
co2_start_at_03,1695747099197475098,0,0,0.07,964.3333333333334
co2_start_at_03,1695747119736300735,0,0,0.07,962.6666666666666
co2_start_at_03,1695747140265125135,0,0,0.07,965.1666666666666
co2_start_at_03,1695747160843601036,0,0,0.07,973.1666666666666
co2_start_at_03,1695747181390923065,0,0,0.07,984.5
co2_start_at_03,1695747201937242505,0,0,0.07,1003.8333333333334
co2_start_at_03,1695747222245352780,0,0,0.07,1031
co2_start_at_03,1695747242808004884,0,0,0.07,1039.6666666666667
co2_start_at_03,1695747263318485847,0,0,0.07,1080.1666666666667
co2_start_at_03,1695747283654254415,0,0,0.07,1106.1666666666667
co2_start_at_03,1695747303914015813,0,0,0.07,1094.6666666666667
co2_start_at_03,1695747324166170589,0,0,0.07,1094.3333333333333
co2_start_at_03,1695747344424438706,0,0,0.07,1091.6666666666667
co2_start_at_03,1695747364684302186,0,0,0.07,1102.6666666666667
co2_start_at_03,1695747384944173277,0,0,0.07,1077.6666666666667
co2_start_at_03,1695747405194198325,0,0,0.07,1060.5
co2_start_at_03,1695747425453901024,0,0,0.07,1043.3333333333333
co2_start_at_03,1695747445644298135,0,0,0.07,1052
co2_start_at_03,1695747465904182878,0,0,0.07,1019.1666666666666
co2_start_at_03,1695747486236356905,0,0,0.07,1010
co2_start_at_03,1695747506790669342,0,0,0.07,1002.5
co2_start_at_03,1695747527307217523,0,0,0.07,992.1666666666666
co2_start_at_03,1695747547846964408,0,0,0.07,982.1666666666666
co2_start_at_03,1695747568420919178,0,0,0.07,978.3333333333334
co2_start_at_03,1695747588904238148,0,0,0.07,976.8333333333334
co2_start_at_03,1695747609164336414,0,0,0.07,974.6666666666666
co2_start_at_03,1695747629350119903,0,0,0.07,989.1666666666666
co2_start_at_03,1695747649881697767,0,0,0.07,973.6666666666666
co2_start_at_03,1695747670424983924,0,0,0.07,978
co2_start_at_03,1695747690905934223,0,0,0.07,984.1666666666666
co2_start_at_03,1695747711194278930,0,0,0.07,991.8333333333334
co2_start_at_03,1695747731474214273,0,0,0.07,999.8333333333334
co2_start_at_03,1695747751947823278,0,0,0.07,1008.8333333333334
co2_start_at_03,1695747772214186839,0,0,0.07,1015
co2_start_at_03,1695747792577974337,0,0,0.07,1020.3333333333334
co2_start_at_03,1695747813110999139,0,0,0.07,1023.6666666666666
co2_start_at_03,1695747833618876051,0,0,0.07,1023.3333333333334
co2_start_at_03,1695747854206600935,0,0,0.07,1021.6666666666666
co2_start_at_03,1695747874668670614,0,0,0.08,1004.3333333333334
co2_start_at_03,1695747895188703599,0,0,0.08,1018.3333333333334
co2_start_at_03,1695747915686941488,0,0,0.08,1010.5
co2_start_at_03,1695747936227527856,0,0,0.08,1000.6666666666666
co2_start_at_03,1695747956750888862,0,0,0.08,995
co2_start_at_03,1695747977298363811,0,0,0.08,989.5
co2_start_at_03,1695747997889841359,0,0,0.08,969.5
co2_start_at_03,1695748018456969210,0,0,0.08,994.6666666666666
co2_start_at_03,1695748038993855598,0,0,0.08,975
co2_start_at_03,1695748059582489433,0,0,0.08,973.3333333333334
co2_start_at_03,1695748080127816854,0,0,0.08,972.8333333333334
co2_start_at_03,1695748100674633183,0,0,0.08,973.3333333333334
co2_start_at_03,1695748121278939279,0,0,0.08,976.3333333333334
co2_start_at_03,1695748141828133411,0,0,0.08,988.6666666666666
co2_start_at_03,1695748162376574017,0,0,0.08,1001.6666666666666
co2_start_at_03,1695748182877328730,0,0,0.08,1006.6666666666666
co2_start_at_03,1695748203285486986,0,0,0.08,1010
co2_start_at_03,1695748223805571503,0,0,0.08,1031.1666666666667
co2_start_at_03,1695748244322361192,0,0,0.08,1033.1666666666667
co2_start_at_03,1695748264845330633,0,0,0.08,1033.1666666666667
co2_start_at_03,1695748285394478668,0,0,0.08,1032.8333333333333
co2_start_at_03,1695748305947495337,0,0,0.08,1031
co2_start_at_03,1695748326455032882,0,0,0.08,1026.6666666666667
co2_start_at_03,1695748346989865706,0,0,0.08,1020
co2_start_at_03,1695748367532979374,0,0,0.08,1014.3333333333334
co2_start_at_03,1695748388042736483,0,0,0.08,1004.6666666666666
co2_start_at_03,1695748408557957686,0,0,0.08,998
co2_start_at_03,1695748429099238940,0,0,0.08,992.1666666666666
co2_start_at_03,1695748449700037700,0,0,0.08,983.5
co2_start_at_03,1695748470281959216,0,0,0.08,988.8333333333334
co2_start_at_03,1695748490831996374,0,0,0.08,968.1666666666666
co2_start_at_03,1695748511392920035,0,0,0.08,963.8333333333334
co2_start_at_03,1695748531814876296,0,0,0.08,962.3333333333334
co2_start_at_03,1695748552121806034,0,0,0.08,961.8333333333334
co2_start_at_03,1695748572713584259,0,0,0.08,964.6666666666666
co2_start_at_03,1695748593249567184,0,0,0.08,973
co2_start_at_03,1695748613796985094,0,0,0.08,992.3333333333334
co2_start_at_03,1695748634368016213,0,0,0.08,1012.3333333333334
co2_start_at_03,1695748654896673797,0,0,0.08,1032
co2_start_at_03,1695748675341471659,0,0,0.08,1057.5
co2_start_at_03,1695748695855426762,0,0,0.08,1052.5
co2_start_at_03,1695748716376185601,0,0,0.08,1040.5
co2_start_at_03,1695748736985691653,0,0,0.08,1054.3333333333333
co2_start_at_03,1695748757478624009,0,0,0.08,1051.1666666666667
co2_start_at_03,1695748778000072319,0,0,0.09,1043.8333333333333
co2_start_at_03,1695748798566294794,0,0,0.09,1036.5
co2_start_at_03,1695748819115189774,0,0,0.09,1026.6666666666667
co2_start_at_03,1695748839545275802,0,0,0.09,1014.6666666666666
co2_start_at_03,1695748860073195081,0,0,0.09,1004.3333333333334
co2_start_at_03,1695748880611262504,0,0,0.09,995.3333333333334
co2_start_at_03,1695748901206673349,0,0,0.09,986.1666666666666
co2_start_at_03,1695748921752737431,0,0,0.09,979.6666666666666
co2_start_at_03,1695748942327296836,0,0,0.09,970.6666666666666
co2_start_at_03,1695748962727869484,0,0,0.09,964.6666666666666
co2_start_at_03,1695748983169287475,0,0,0.09,959.6666666666666
co2_start_at_03,1695749003725805906,0,0,0.09,959.6666666666666
co2_start_at_03,1695749024256049428,0,0,0.09,966.8333333333334
co2_start_at_03,1695749044805167763,0,0,0.09,986.3333333333334
co2_start_at_03,1695749065359621625,0,0,0.09,1008
co2_start_at_03,1695749085884806440,0,0,0.09,1029.1666666666667
co2_start_at_03,1695749106427349643,0,0,0.09,1046
co2_start_at_03,1695749126731105900,0,0,0.09,1056.3333333333333
co2_start_at_03,1695749147241903893,0,0,0.09,1065.6666666666667
co2_start_at_03,1695749167864674438,0,0,0.09,1066
co2_start_at_03,1695749188414902025,0,0,0.09,1080.3333333333333
co2_start_at_03,1695749208930609585,0,0,0.09,1046.3333333333333
co2_start_at_03,1695749229473316851,0,0,0.09,1054
co2_start_at_03,1695749249983198142,0,0,0.09,1042
co2_start_at_03,1695749270505028154,0,0,0.09,1029.6666666666667
co2_start_at_03,1695749291040751795,0,0,0.09,1017
co2_start_at_03,1695749311543022616,0,0,0.09,1006.1666666666666
co2_start_at_03,1695749332109828504,0,0,0.09,995.8333333333334
co2_start_at_03,1695749352637247352,0,0,0.09,986.6666666666666
co2_start_at_03,1695749373175683142,0,0,0.09,976.3333333333334
co2_start_at_03,1695749393728814682,0,0,0.09,970.1666666666666
co2_start_at_03,1695749414239779499,0,0,0.09,966.6666666666666
co2_start_at_03,1695749434775752558,0,0,0.09,964.8333333333334
co2_start_at_03,1695749455284985376,0,0,0.09,965.8333333333334
co2_start_at_03,1695749475676816383,0,0,0.09,970.6666666666666
co2_start_at_03,1695749496209968918,0,0,0.09,989
co2_start_at_03,1695749516773821927,0,0,0.09,1012.6666666666666
co2_start_at_03,1695749537294957322,0,0,0.09,1035.6666666666667
co2_start_at_03,1695749557805415502,0,0,0.09,1049.8333333333333
co2_start_at_03,1695749578318981906,0,0,0.09,1057
co2_start_at_03,1695749598822964916,0,0,0.09,1058.6666666666667
co2_start_at_03,1695749619357857439,0,0,0.09,1058
co2_start_at_03,1695749639874425073,0,0,0.09,1056.1666666666667
co2_start_at_03,1695749660374984245,0,0,0.09,1051.3333333333333
co2_start_at_03,1695749680838177938,0,0,0.09999999999999999,1039.8333333333333
co2_start_at_03,1695749701359813432,0,0,0.09999999999999999,1025
co2_start_at_03,1695749721858310052,0,0,0.09999999999999999,1011.8333333333334
co2_start_at_03,1695749742361201480,0,0,0.09999999999999999,1002
co2_start_at_03,1695749762878969362,0,0,0.09999999999999999,994
co2_start_at_03,1695749783481842486,0,0,0.09999999999999999,985.3333333333334
co2_start_at_03,1695749804017375132,0,0,0.09999999999999999,975.6666666666666
co2_start_at_03,1695749824591965688,0,0,0.09999999999999999,967.3333333333334
co2_start_at_03,1695749845124015443,0,0,0.09999999999999999,961.8333333333334
co2_start_at_03,1695749865655825335,0,0,0.09999999999999999,962
co2_start_at_03,1695749886228689919,0,0,0.09999999999999999,963.8333333333334
co2_start_at_03,1695749906774873462,0,0,0.09999999999999999,971.8333333333334
co2_start_at_03,1695749927318543150,0,0,0.09999999999999999,989
co2_start_at_03,1695749947906425287,0,0,0.09999999999999999,1013.8333333333334
co2_start_at_03,1695749968384143658,0,0,0.09999999999999999,1022.8333333333334
co2_start_at_03,1695749988859474020,0,0,0.09999999999999999,1074.6666666666667
co2_start_at_03,1695750009384131539,0,0,0.09999999999999999,1073.5
co2_start_at_03,1695750029946533667,0,0,0.09999999999999999,1075.1666666666667
co2_start_at_03,1695750050513243042,0,0,0.09999999999999999,1074.6666666666667
co2_start_at_03,1695750071015087662,0,0,0.09999999999999999,1071.6666666666667
co2_start_at_03,1695750091522686371,0,0,0.09999999999999999,1063.5
co2_start_at_03,1695750112017982709,0,0,0.09999999999999999,1049.1666666666667
co2_start_at_03,1695750132589394205,0,0,0.09999999999999999,1035.5
co2_start_at_03,1695750153119712295,0,0,0.09999999999999999,1021.1666666666666
co2_start_at_03,1695750173659656840,0,0,0.09999999999999999,1006.6666666666666
co2_start_at_03,1695750194175686330,0,0,0.09999999999999999,994.8333333333334
co2_start_at_03,1695750214751989484,0,0,0.09999999999999999,982.8333333333334
co2_start_at_03,1695750235288401150,0,0,0.09999999999999999,971
co2_start_at_03,1695750255871987917,0,0,0.09999999999999999,964
co2_start_at_03,1695750276412539637,0,0,0.09999999999999999,958.5
co2_start_at_03,1695750296944873048,0,0,0.09999999999999999,956.5
co2_start_at_03,1695750317507971591,0,0,0.09999999999999999,960
co2_start_at_03,1695750338041423828,0,0,0.09999999999999999,972.6666666666666
co2_start_at_03,1695750358585678079,0,0,0.09999999999999999,998.1666666666666
co2_start_at_03,1695750379174245763,0,0,0.09999999999999999,1028.8333333333333
co2_start_at_03,1695750399699277990,0,0,0.09999999999999999,1049.8333333333333
co2_start_at_03,1695750420232363223,0,0,0.09999999999999999,1062
co2_start_at_03,1695750440750314252,0,0,0.09999999999999999,1069
co2_start_at_03,1695750461226025032,0,0,0.09999999999999999,1070.8333333333333
co2_start_at_03,1695750481755298682,0,0,0.09999999999999999,1069.6666666666667
co2_start_at_03,1695750502267926439,0,0,0.09999999999999999,1066.6666666666667
co2_start_at_03,1695750522775125788,0,0,0.09999999999999999,1055.3333333333333
co2_start_at_03,1695750543315292968,0,0,0.09999999999999999,1036.3333333333333
co2_start_at_03,1695750563896370984,0,0,0.09999999999999999,1022.5
co2_start_at_03,1695750584419947730,0,0,0.10999999999999999,1009.1666666666666
co2_start_at_03,1695750604945299811,0,0,0.10999999999999999,996.6666666666666
co2_start_at_03,1695750625540860506,0,0,0.10999999999999999,985.3333333333334
co2_start_at_03,1695750646008667539,0,0,0.10999999999999999,976.5
co2_start_at_03,1695750666548764422,0,0,0.10999999999999999,966.5
co2_start_at_03,1695750687136082121,0,0,0.10999999999999999,960
co2_start_at_03,1695750707701898623,0,0,0.10999999999999999,957.3333333333334
co2_start_at_03,1695750728225574184,0,0,0.10999999999999999,962.6666666666666
co2_start_at_03,1695750748809532917,0,0,0.10999999999999999,981.6666666666666
co2_start_at_03,1695750769371084645,0,0,0.10999999999999999,1009.8333333333334
co2_start_at_03,1695750789901462169,0,0,0.10999999999999999,1034.1666666666667
co2_start_at_03,1695750810414997164,0,0,0.10999999999999999,1033.3333333333333
co2_start_at_03,1695750830996420642,0,0,0.10999999999999999,1077.8333333333333
co2_start_at_03,1695750851515193426,0,0,0.10999999999999999,1071
co2_start_at_03,1695750872034913700,0,0,0.10999999999999999,1056.8333333333333
co2_start_at_03,1695750892565196684,0,0,0.10999999999999999,1081.3333333333333
co2_start_at_03,1695750913084909787,0,0,0.10999999999999999,1059.3333333333333
co2_start_at_03,1695750933670519623,0,0,0.10999999999999999,1046.1666666666667
co2_start_at_03,1695750954146468204,0,0,0.10999999999999999,1033.6666666666667
co2_start_at_03,1695750974652001118,0,0,0.10999999999999999,1016.6666666666666
co2_start_at_03,1695750995197591545,0,0,0.10999999999999999,998.8333333333334
co2_start_at_03,1695751015711198133,0,0,0.10999999999999999,977
co2_start_at_03,1695751036257783118,0,0,0.10999999999999999,1001
co2_start_at_03,1695751056771570930,0,0,0.10999999999999999,977.6666666666666
co2_start_at_03,1695751077305751831,0,0,0.10999999999999999,968.3333333333334
co2_start_at_03,1695751097856272416,0,0,0.10999999999999999,980.3333333333334
co2_start_at_03,1695751118402245053,0,0,0.10999999999999999,961.6666666666666
co2_start_at_03,1695751138927624736,0,0,0.10999999999999999,964
co2_start_at_03,1695751159456555590,0,0,0.10999999999999999,969.3333333333334
co2_start_at_03,1695751180005145821,0,0,0.10999999999999999,985
co2_start_at_03,1695751200555024934,0,0,0.10999999999999999,1005.3333333333334
co2_start_at_03,1695751221075815461,0,0,0.10999999999999999,1028.8333333333333
co2_start_at_03,1695751241577283609,0,0,0.10999999999999999,1049.3333333333333
co2_start_at_03,1695751262082062694,0,0,0.10999999999999999,1041.3333333333333
co2_start_at_03,1695751282564638151,0,0,0.10999999999999999,1076.5
co2_start_at_03,1695751303111876285,0,0,0.10999999999999999,1058.5
co2_start_at_03,1695751323645682203,0,0,0.10999999999999999,1054
co2_start_at_03,1695751344168966441,0,0,0.10999999999999999,1047.6666666666667
co2_start_at_03,1695751364730029997,0,0,0.10999999999999999,1035.5
co2_start_at_03,1695751385265255584,0,0,0.10999999999999999,1020
co2_start_at_03,1695751405812676382,0,0,0.10999999999999999,1005
co2_start_at_03,1695751426315291774,0,0,0.10999999999999999,991.8333333333334
co2_start_at_03,1695751446865634608,0,0,0.10999999999999999,980.3333333333334
co2_start_at_03,1695751467414972908,0,0,0.10999999999999999,968.8333333333334
co2_start_at_03,1695751487959257970,0,0,0.11999999999999998,962.3333333333334
co2_start_at_03,1695751508554255659,0,0,0.11999999999999998,965.3333333333334
co2_start_at_03,1695751529104076881,0,0,0.11999999999999998,986.6666666666666
co2_start_at_03,1695751549646132784,0,0,0.11999999999999998,1014.1666666666666
co2_start_at_03,1695751570169583610,0,0,0.11999999999999998,1037.6666666666667
co2_start_at_03,1695751590743302599,0,0,0.11999999999999998,1056.8333333333333
co2_start_at_03,1695751611184931529,0,0,0.11999999999999998,1064.1666666666667
co2_start_at_03,1695751631654993218,0,0,0.11999999999999998,1066.1666666666667
co2_start_at_03,1695751652169207822,0,0,0.11999999999999998,1064
co2_start_at_03,1695751672734044101,0,0,0.11999999999999998,1044.8333333333333
co2_start_at_03,1695751693255338988,0,0,0.11999999999999998,1063.5
co2_start_at_03,1695751713781761368,0,0,0.11999999999999998,1063.5
co2_start_at_03,1695751734298907410,0,0,0.11999999999999998,989.8333333333334
co2_start_at_03,1695751754890009683,0,0,0.11999999999999998,1044.1666666666667
co2_start_at_03,1695751775405735751,0,0,0.11999999999999998,993.5
co2_start_at_03,1695751795951040030,0,0,0.11999999999999998,986
co2_start_at_03,1695751816501773406,0,0,0.11999999999999998,979.6666666666666
co2_start_at_03,1695751837087645925,0,0,0.11999999999999998,972.5
co2_start_at_03,1695751857626185714,0,0,0.11999999999999998,955
co2_start_at_03,1695751878176852970,0,0,0.11999999999999998,968.8333333333334
co2_start_at_03,1695751898724898978,0,0,0.11999999999999998,972.5
co2_start_at_03,1695751919275333745,0,0,0.11999999999999998,970.5
co2_start_at_03,1695751939803906995,0,0,0.11999999999999998,1045.3333333333333
co2_start_at_03,1695751960360116517,0,0,0.11999999999999998,1055.8333333333333
co2_start_at_03,1695751980872703396,0,0,0.11999999999999998,1075
co2_start_at_03,1695752001334964631,0,0,0.11999999999999998,1093.1666666666667
co2_start_at_03,1695752021852348804,0,0,0.11999999999999998,1093.3333333333333
co2_start_at_03,1695752042412965810,0,0,0.11999999999999998,1091.3333333333333
co2_start_at_03,1695752062940436209,0,0,0.11999999999999998,1102.8333333333333
co2_start_at_03,1695752083459083924,0,0,0.11999999999999998,1063.1666666666667
co2_start_at_03,1695752103950637368,0,0,0.11999999999999998,1066.5
co2_start_at_03,1695752124507809080,0,0,0.11999999999999998,1050.8333333333333
co2_start_at_03,1695752145028609997,0,0,0.11999999999999998,1035.8333333333333
co2_start_at_03,1695752165534999591,0,0,0.11999999999999998,1023
co2_start_at_03,1695752186070576852,0,0,0.11999999999999998,1006.3333333333334
co2_start_at_03,1695752206454210473,0,0,0.11999999999999998,992.3333333333334
co2_start_at_03,1695752226724312637,0,0,0.11999999999999998,978.6666666666666
co2_start_at_03,1695752247004393384,0,0,0.11999999999999998,968.1666666666666
co2_start_at_03,1695752267276237330,0,0,0.11999999999999998,961.6666666666666
co2_start_at_03,1695752287618316277,0,0,0.11999999999999998,958.3333333333334
co2_start_at_03,1695752308165138519,0,0,0.11999999999999998,961.1666666666666
co2_start_at_03,1695752328764927076,0,0,0.11999999999999998,971.6666666666666
co2_start_at_03,1695752349319726899,0,0,0.11999999999999998,974.3333333333334
co2_start_at_03,1695752369845585717,0,0,0.12999999999999998,1033.6666666666667
co2_start_at_03,1695752390339725950,0,0,0.12999999999999998,1058.8333333333333
co2_start_at_03,1695752410887426531,0,0,0.12999999999999998,1080.6666666666667
co2_start_at_03,1695752431408542875,0,0,0.12999999999999998,1097.8333333333333
co2_start_at_03,1695752451946683205,0,0,0.12999999999999998,1090.1666666666667
co2_start_at_03,1695752472342970748,0,0,0.12999999999999998,1100
co2_start_at_03,1695752492909103000,0,0,0.12999999999999998,1092.3333333333333
co2_start_at_03,1695752513290943235,0,0,0.12999999999999998,1077.1666666666667
co2_start_at_03,1695752533810685729,0,0,0.12999999999999998,1063.5
co2_start_at_03,1695752554195883361,0,0,0.12999999999999998,1051.6666666666667
co2_start_at_03,1695752574727282633,0,0,0.12999999999999998,1037.3333333333333
co2_start_at_03,1695752595305518227,0,0,0.12999999999999998,1021
co2_start_at_03,1695752615825912822,0,0,0.12999999999999998,1003.1666666666666
co2_start_at_03,1695752636344923576,0,0,0.12999999999999998,990.8333333333334
co2_start_at_03,1695752656896303702,0,0,0.12999999999999998,998
co2_start_at_03,1695752677364886383,0,0,0.12999999999999998,973.1666666666666
co2_start_at_03,1695752697895253016,0,0,0.12999999999999998,968.8333333333334
co2_start_at_03,1695752718457738067,0,0,0.12999999999999998,965.6666666666666
co2_start_at_03,1695752739015691634,0,0,0.12999999999999998,965
co2_start_at_03,1695752759545600355,0,0,0.12999999999999998,971.3333333333334
co2_start_at_03,1695752780108145080,0,0,0.12999999999999998,991.1666666666666
co2_start_at_03,1695752800655792181,0,0,0.12999999999999998,1017.5
co2_start_at_03,1695752821163897545,0,0,0.12999999999999998,1044.5
co2_start_at_03,1695752841663532812,0,0,0.12999999999999998,1064.3333333333333
co2_start_at_03,1695752862253043256,0,0,0.12999999999999998,1071.6666666666667
co2_start_at_03,1695752882791707118,0,0,0.12999999999999998,1072.8333333333333
co2_start_at_03,1695752903306476108,0,0,0.12999999999999998,1072
co2_start_at_03,1695752923816804484,0,0,0.12999999999999998,1056.6666666666667
co2_start_at_03,1695752944336487287,0,0,0.12999999999999998,1057.3333333333333
co2_start_at_03,1695752964902648986,0,0,0.12999999999999998,1046.1666666666667
co2_start_at_03,1695752985422074269,0,0,0.12999999999999998,1032.1666666666667
co2_start_at_03,1695753005937989237,0,0,0.12999999999999998,1017.3333333333334
co2_start_at_03,1695753026459386387,0,0,0.12999999999999998,1010
co2_start_at_03,1695753046951732857,0,0,0.12999999999999998,1026
co2_start_at_03,1695753067456007934,0,0,0.12999999999999998,961.8333333333334
co2_start_at_03,1695753088005766414,0,0,0.12999999999999998,965.6666666666666
co2_start_at_03,1695753108588588842,0,0,0.12999999999999998,961.3333333333334
co2_start_at_03,1695753129089387712,0,0,0.12999999999999998,960.3333333333334
co2_start_at_03,1695753149632969346,0,0,0.12999999999999998,964.6666666666666
co2_start_at_03,1695753170229094024,0,0,0.12999999999999998,991.1666666666666
co2_start_at_03,1695753190786069970,0,0,0.12999999999999998,1019.1666666666666
co2_start_at_03,1695753211305024513,0,0,0.12999999999999998,1053.6666666666667
co2_start_at_03,1695753231823338193,0,0,0.12999999999999998,1071.6666666666667
co2_start_at_03,1695753252388910101,0,0,0.12999999999999998,1079.5
co2_start_at_03,1695753272906991957,0,0,0.13999999999999999,1081.8333333333333
co2_start_at_03,1695753293450405279,0,0,0.13999999999999999,1079.6666666666667
co2_start_at_03,1695753313971479708,0,0,0.13999999999999999,1071.6666666666667
co2_start_at_03,1695753334495984303,0,0,0.13999999999999999,1062.3333333333333
co2_start_at_03,1695753355071970291,0,0,0.13999999999999999,1052.5
co2_start_at_03,1695753375601322035,0,0,0.13999999999999999,1036.5
co2_start_at_03,1695753396117789882,0,0,0.13999999999999999,1019.6666666666666
co2_start_at_03,1695753416645112072,0,0,0.13999999999999999,1007
co2_start_at_03,1695753437207738510,0,0,0.13999999999999999,995
co2_start_at_03,1695753457741721858,0,0,0.13999999999999999,983.1666666666666
co2_start_at_03,1695753478290405984,0,0,0.13999999999999999,969.1666666666666
co2_start_at_03,1695753498835400803,0,0,0.13999999999999999,964.5
co2_start_at_03,1695753519382312052,0,0,0.13999999999999999,962.3333333333334
co2_start_at_03,1695753539938829327,0,0,0.13999999999999999,964.5
co2_start_at_03,1695753560463722472,0,0,0.13999999999999999,976.8333333333334
co2_start_at_03,1695753580960057258,0,0,0.13999999999999999,1003.6666666666666
co2_start_at_03,1695753601439433518,0,0,0.13999999999999999,1045
co2_start_at_03,1695753621997282825,0,0,0.13999999999999999,1067
co2_start_at_03,1695753642530082235,0,0,0.13999999999999999,1088.1666666666667
co2_start_at_03,1695753663075865430,0,0,0.13999999999999999,1091.6666666666667
co2_start_at_03,1695753683582759332,0,0,0.13999999999999999,1089.3333333333333
co2_start_at_03,1695753704145707205,0,0,0.13999999999999999,1084.8333333333333
co2_start_at_03,1695753724686019812,0,0,0.13999999999999999,1068.3333333333333
co2_start_at_03,1695753745224908877,0,0,0.13999999999999999,1053.5
co2_start_at_03,1695753765772352857,0,0,0.13999999999999999,1037.5
co2_start_at_03,1695753786325616819,0,0,0.13999999999999999,1023.1666666666666
co2_start_at_03,1695753806882140978,0,0,0.13999999999999999,1007.6666666666666
co2_start_at_03,1695753827405247464,0,0,0.13999999999999999,992.3333333333334
co2_start_at_03,1695753847925055732,0,0,0.13999999999999999,983
co2_start_at_03,1695753868513242905,0,0,0.13999999999999999,972.8333333333334
co2_start_at_03,1695753889065761999,0,0,0.13999999999999999,965.6666666666666
co2_start_at_03,1695753909601113517,0,0,0.13999999999999999,962
co2_start_at_03,1695753930185406894,0,0,0.13999999999999999,947.5
co2_start_at_03,1695753950738929506,0,0,0.13999999999999999,991.6666666666666
co2_start_at_03,1695753971287105945,0,0,0.13999999999999999,1009.1666666666666
co2_start_at_03,1695753991798059909,0,0,0.13999999999999999,1021.3333333333334
co2_start_at_03,1695754012322750049,0,0,0.13999999999999999,1085.3333333333333
co2_start_at_03,1695754032836973481,0,0,0.13999999999999999,1090.5
co2_start_at_03,1695754053359712911,0,0,0.13999999999999999,1094
co2_start_at_03,1695754073869010978,0,0,0.13999999999999999,1093.1666666666667
co2_start_at_03,1695754094447370510,0,0,0.13999999999999999,1087.5
co2_start_at_03,1695754114896228887,0,0,0.13999999999999999,1076.5
co2_start_at_03,1695754135415625011,0,0,0.13999999999999999,1050.6666666666667
co2_start_at_03,1695754155943578862,0,0,0.13999999999999999,1031.1666666666667
co2_start_at_03,1695754176505762144,0,0,0.15,1019.3333333333334
co2_start_at_03,1695754197018759826,0,0,0.15,1005.6666666666666
co2_start_at_03,1695754217535460070,0,0,0.15,989.8333333333334
co2_start_at_03,1695754238053868424,0,0,0.15,979.8333333333334
co2_start_at_03,1695754258600464550,0,0,0.15,969
co2_start_at_03,1695754279134890527,0,0,0.15,965.3333333333334
co2_start_at_03,1695754299672955374,0,0,0.15,964.6666666666666
co2_start_at_03,1695754320263151929,0,0,0.15,970.3333333333334
co2_start_at_03,1695754340810969611,0,0,0.15,984.3333333333334
co2_start_at_03,1695754361335187239,0,0,0.15,1020.1666666666666
co2_start_at_03,1695754381856269400,0,0,0.15,1055
co2_start_at_03,1695754402399940836,0,0,0.15,1065.5
co2_start_at_03,1695754422925161463,0,0,0.15,1095.8333333333333
co2_start_at_03,1695754443264284962,0,0,0.15,1100
co2_start_at_03,1695754463765830733,0,0,0.15,1098.8333333333333
co2_start_at_03,1695754484320582453,0,0,0.15,1092.8333333333333
co2_start_at_03,1695754504845565164,0,0,0.15,1080
co2_start_at_03,1695754525378048795,0,0,0.15,1061
co2_start_at_03,1695754545897949956,0,0,0.15,1041.1666666666667
co2_start_at_03,1695754566408929290,0,0,0.15,1024.1666666666667
co2_start_at_03,1695754586789079637,0,0,0.15,1007.6666666666666
co2_start_at_03,1695754607335085929,0,0,0.15,995.5
co2_start_at_03,1695754627845466313,0,0,0.15,982.1666666666666
co2_start_at_03,1695754648438535147,0,0,0.15,971.3333333333334
co2_start_at_03,1695754668974197381,0,0,0.15,964
co2_start_at_03,1695754689515612057,0,0,0.15,960.5
co2_start_at_03,1695754710079520528,0,0,0.15,964
co2_start_at_03,1695754730625227984,0,0,0.15,985.6666666666666
co2_start_at_03,1695754751156001705,0,0,0.15,1022.1666666666666
co2_start_at_03,1695754771630646119,0,0,0.15,1055.1666666666667
co2_start_at_03,1695754792204335833,0,0,0.15,1077.8333333333333
co2_start_at_03,1695754812706184586,0,0,0.15,1088
co2_start_at_03,1695754833185114871,0,0,0.15,1097.6666666666667
co2_start_at_03,1695754853696452319,0,0,0.15,1096.1666666666667
co2_start_at_03,1695754874255703174,0,0,0.15,1091.8333333333333
co2_start_at_03,1695754894776365149,0,0,0.15,1070.8333333333333
co2_start_at_03,1695754915305088269,0,0,0.15,1080.3333333333333
co2_start_at_03,1695754935825787558,0,0,0.15,1050.3333333333333
co2_start_at_03,1695754956325754535,0,0,0.15,1030
co2_start_at_03,1695754976835128727,0,0,0.15,1012.1666666666666
co2_start_at_03,1695754997365208164,0,0,0.15,995.1666666666666
co2_start_at_03,1695755017895431341,0,0,0.15,982.6666666666666
co2_start_at_03,1695755038501279621,0,0,0.15,974.5
co2_start_at_03,1695755059055009272,0,0,0.15,967.8333333333334
co2_start_at_03,1695755079596843767,0,0,0.16,963.6666666666666
co2_start_at_03,1695755100193254279,0,0,0.16,978
co2_start_at_03,1695755120749677261,0,0,0.16,970.5
co2_start_at_03,1695755141307800797,0,0,0.16,1019.8333333333334
co2_start_at_03,1695755161837476745,0,0,0.16,1048.5
co2_start_at_03,1695755182375624730,0,0,0.16,1070.3333333333333
co2_start_at_03,1695755202906710112,0,0,0.16,1085.5
co2_start_at_03,1695755223434796585,0,0,0.16,1091.1666666666667
co2_start_at_03,1695755243951735021,0,0,0.16,1091.8333333333333
co2_start_at_03,1695755264524046432,0,0,0.16,1089.1666666666667
co2_start_at_03,1695755285058934519,0,0,0.16,1077
co2_start_at_03,1695755305545684789,0,0,0.16,1061.5
co2_start_at_03,1695755326034918458,0,0,0.16,1050.3333333333333
co2_start_at_03,1695755346572711065,0,0,0.16,1036.5
co2_start_at_03,1695755367085133838,0,0,0.16,1020.8333333333334
co2_start_at_03,1695755387604919475,0,0,0.16,1007
co2_start_at_03,1695755408121331606,0,0,0.16,996
co2_start_at_03,1695755428618447991,0,0,0.16,985.8333333333334
co2_start_at_03,1695755449159946158,0,0,0.16,972.6666666666666
co2_start_at_03,1695755469687455336,0,0,0.16,965.6666666666666
co2_start_at_03,1695755490255281638,0,0,0.16,962.8333333333334
co2_start_at_03,1695755510805050758,0,0,0.16,964.3333333333334
co2_start_at_03,1695755531355707177,0,0,0.16,976.3333333333334
co2_start_at_03,1695755551934367953,0,0,0.16,1014.3333333333334
co2_start_at_03,1695755572465261465,0,0,0.16,1063.8333333333333
co2_start_at_03,1695755592844320057,0,0,0.16,1094.3333333333333
co2_start_at_03,1695755613195037040,0,0,0.16,1107
co2_start_at_03,1695755633668964111,0,0,0.16,1114.6666666666667
co2_start_at_03,1695755654253785686,0,0,0.16,1115.5
co2_start_at_03,1695755674770963854,0,0,0.16,1111.6666666666667
co2_start_at_03,1695755695287808230,0,0,0.16,1101.5
co2_start_at_03,1695755715785684616,0,0,0.16,1081.6666666666667
co2_start_at_03,1695755736356762806,0,0,0.16,1077.5
co2_start_at_03,1695755756810190811,0,0,0.16,1053
co2_start_at_03,1695755777336282446,0,0,0.16,1031.5
co2_start_at_03,1695755797833523846,0,0,0.16,1013.8333333333334
co2_start_at_03,1695755818371040879,0,0,0.16,1005.3333333333334
co2_start_at_03,1695755838875193152,0,0,0.16,997
co2_start_at_03,1695755859413807757,0,0,0.16,989.8333333333334
co2_start_at_03,1695755880003650851,0,0,0.16,982.3333333333334
co2_start_at_03,1695755900516963325,0,0,0.16,978.5
co2_start_at_03,1695755921070458213,0,0,0.16,973.8333333333334
co2_start_at_03,1695755941659687544,0,0,0.16,972.5
co2_start_at_03,1695755962196338679,0,0,0.16,972.8333333333334
co2_start_at_03,1695755982715673171,0,0,0.17,980.6666666666666
co2_start_at_03,1695756003279224949,0,0,0.17,991.6666666666666
co2_start_at_03,1695756023830844799,0,0,0.17,1007.1666666666666
co2_start_at_03,1695756044355040229,0,0,0.17,1022.6666666666666
co2_start_at_03,1695756064854661605,0,0,0.17,1041.1666666666667
co2_start_at_03,1695756085236835073,0,0,0.17,1029.8333333333333
co2_start_at_03,1695756105494275196,0,0,0.17,1041.8333333333333
co2_start_at_03,1695756125754389944,0,0,0.17,1040.6666666666667
co2_start_at_03,1695756146121293594,0,0,0.17,1036.3333333333333
co2_start_at_03,1695756166680405062,0,0,0.17,1035
co2_start_at_03,1695756187000712327,0,0,0.17,1015.3333333333334
co2_start_at_03,1695756207529904601,0,0,0.17,1022
co2_start_at_03,1695756228044910219,0,0,0.17,1013.1666666666666
co2_start_at_03,1695756248577385832,0,0,0.17,1003.1666666666666
co2_start_at_03,1695756269105240219,0,0,0.17,994.3333333333334
co2_start_at_03,1695756289643652311,0,0,0.17,976.3333333333334
co2_start_at_03,1695756310195659323,0,0,0.17,997.3333333333334
co2_start_at_03,1695756330738282812,0,0,0.17,978.6666666666666
co2_start_at_03,1695756351280051799,0,0,0.17,975.1666666666666
co2_start_at_03,1695756371857542798,0,0,0.17,974.8333333333334
co2_start_at_03,1695756392224037919,0,0,0.17,980.1666666666666
co2_start_at_03,1695756412765576377,0,0,0.17,991.5
